filename,adamlink
Hout_gracht_10_12.gltf,https://adamlink.nl/geo/address/A103802
Hout_gracht_14.gltf,https://adamlink.nl/geo/address/A103787
Hout_gracht_16_18_20_22.gltf,https://adamlink.nl/geo/address/A103783
Hout_gracht_2.gltf,https://adamlink.nl/geo/address/A103822
Hout_gracht_24.gltf,https://adamlink.nl/geo/address/A103762
Hout_gracht_26_28.gltf,https://adamlink.nl/geo/address/A103757
Hout_gracht_30.gltf,https://adamlink.nl/geo/address/A103742
Hout_gracht_32.gltf,https://adamlink.nl/geo/address/A103737
Hout_gracht_34.gltf,https://adamlink.nl/geo/address/A103732
Hout_gracht_36.gltf,https://adamlink.nl/geo/address/A103707
Hout_gracht_38_46.gltf,https://adamlink.nl/geo/address/A103703
Hout_gracht_4.gltf,https://adamlink.nl/geo/address/A103817
Hout_gracht_40.gltf,https://adamlink.nl/geo/address/A103698
Hout_gracht_42.gltf,https://adamlink.nl/geo/address/A103695
Hout_gracht_48.gltf,https://adamlink.nl/geo/address/A103681
Hout_gracht_50.gltf,https://adamlink.nl/geo/address/A103676
Hout_gracht_54.gltf,https://adamlink.nl/geo/address/A103669
Hout_gracht_56.gltf,https://adamlink.nl/geo/address/A103664
Hout_gracht_58.gltf,https://adamlink.nl/geo/address/A103659
Hout_gracht_6.gltf,https://adamlink.nl/geo/address/A103812
Hout_gracht_60.gltf,https://adamlink.nl/geo/address/A103654
Hout_gracht_62.gltf,https://adamlink.nl/geo/address/A103649
Hout_gracht_64.gltf,https://adamlink.nl/geo/address/A103644
Hout_gracht_8.gltf,https://adamlink.nl/geo/address/A103807
Korte_Houtstraat_1.gltf,https://adamlink.nl/geo/address/A104134
Korte_Houtstraat_10.gltf,https://adamlink.nl/geo/address/A104109
Korte_Houtstraat_11.gltf,https://adamlink.nl/geo/address/A104159
Korte_Houtstraat_13.gltf,https://adamlink.nl/geo/address/A104168
Korte_Houtstraat_15.gltf,https://adamlink.nl/geo/address/A104173
Korte_Houtstraat_17.gltf,https://adamlink.nl/geo/address/A104178
Korte_Houtstraat_18.gltf,https://adamlink.nl/geo/address/A104104
Korte_Houtstraat_2.gltf,https://adamlink.nl/geo/address/A104129
Korte_Houtstraat_20.gltf,https://adamlink.nl/geo/address/A104099
Korte_Houtstraat_21_19.gltf,https://adamlink.nl/geo/address/A104188
Korte_Houtstraat_22.gltf,https://adamlink.nl/geo/address/A104094
Korte_Houtstraat_23.gltf,https://adamlink.nl/geo/address/A104193
Korte_Houtstraat_24.gltf,https://adamlink.nl/geo/address/A104089
Korte_Houtstraat_25.001.gltf,https://adamlink.nl/geo/address/A104081
Korte_Houtstraat_25.gltf,https://adamlink.nl/geo/address/A104198
Korte_Houtstraat_26.gltf,https://adamlink.nl/geo/address/A104085
Korte_Houtstraat_27.gltf,https://adamlink.nl/geo/address/A104203
Korte_Houtstraat_28.gltf,https://adamlink.nl/geo/address/A104081
Korte_Houtstraat_31.gltf,https://adamlink.nl/geo/address/A104211
Korte_Houtstraat_32.gltf,https://adamlink.nl/geo/address/A104073
Korte_Houtstraat_33.gltf,https://adamlink.nl/geo/address/A104216
Korte_Houtstraat_34.gltf,https://adamlink.nl/geo/address/A104069
Korte_Houtstraat_35.gltf,https://adamlink.nl/geo/address/A104220
Korte_Houtstraat_37.gltf,https://adamlink.nl/geo/address/A104224
Korte_Houtstraat_39.gltf,https://adamlink.nl/geo/address/A104228
Korte_Houtstraat_4.gltf,https://adamlink.nl/geo/address/A104139
Korte_Houtstraat_45_41.gltf,https://adamlink.nl/geo/address/A104233
Korte_Houtstraat_5_3.gltf,https://adamlink.nl/geo/address/A104139
Korte_Houtstraat_6.gltf,https://adamlink.nl/geo/address/A104119
Korte_Houtstraat_7.gltf,https://adamlink.nl/geo/address/A104149
Korte_Houtstraat_8.gltf,https://adamlink.nl/geo/address/A104114
Korte_Houtstraat_9.gltf,https://adamlink.nl/geo/address/A104154
Lange_Houtstraat_1.gltf,https://adamlink.nl/geo/address/A104521
Lange_Houtstraat_10_12.gltf,https://adamlink.nl/geo/address/A104498
Lange_Houtstraat_11.gltf,https://adamlink.nl/geo/address/A104542
Lange_Houtstraat_13.gltf,https://adamlink.nl/geo/address/A104547
Lange_Houtstraat_14.gltf,https://adamlink.nl/geo/address/A104490
Lange_Houtstraat_15.gltf,https://adamlink.nl/geo/address/A104552
Lange_Houtstraat_16.gltf,https://adamlink.nl/geo/address/A104485
Lange_Houtstraat_17.gltf,https://adamlink.nl/geo/address/A104557
Lange_Houtstraat_18.gltf,https://adamlink.nl/geo/address/A104481
Lange_Houtstraat_19.gltf,https://adamlink.nl/geo/address/A104561
Lange_Houtstraat_2_4_6.gltf,https://adamlink.nl/geo/address/A104516
Lange_Houtstraat_20.gltf,https://adamlink.nl/geo/address/A104476
Lange_Houtstraat_21.gltf,https://adamlink.nl/geo/address/A104565
Lange_Houtstraat_22.gltf,https://adamlink.nl/geo/address/A104471
Lange_Houtstraat_23.gltf,https://adamlink.nl/geo/address/A104569
Lange_Houtstraat_24.gltf,https://adamlink.nl/geo/address/A104466
Lange_Houtstraat_25.gltf,https://adamlink.nl/geo/address/A104573
Lange_Houtstraat_26.gltf,https://adamlink.nl/geo/address/A104454
Lange_Houtstraat_27.gltf,https://adamlink.nl/geo/address/A104578
Lange_Houtstraat_28.gltf,https://adamlink.nl/geo/address/A104450
Lange_Houtstraat_29.gltf,https://adamlink.nl/geo/address/A104583
Lange_Houtstraat_3.gltf,https://adamlink.nl/geo/address/A104525
Lange_Houtstraat_30.gltf,https://adamlink.nl/geo/address/A104446
Lange_Houtstraat_31.gltf,https://adamlink.nl/geo/address/A104588
Lange_Houtstraat_32.gltf,https://adamlink.nl/geo/address/A104441
Lange_Houtstraat_33.gltf,https://adamlink.nl/geo/address/A104605
Lange_Houtstraat_34.gltf,https://adamlink.nl/geo/address/A104436
Lange_Houtstraat_35.gltf,https://adamlink.nl/geo/address/A104609
Lange_Houtstraat_36.gltf,https://adamlink.nl/geo/address/A104431
Lange_Houtstraat_37.gltf,https://adamlink.nl/geo/address/A104614
Lange_Houtstraat_38.gltf,https://adamlink.nl/geo/address/A104426
Lange_Houtstraat_39.gltf,https://adamlink.nl/geo/address/A104619
Lange_Houtstraat_40.gltf,https://adamlink.nl/geo/address/A104421
Lange_Houtstraat_41_43.gltf,https://adamlink.nl/geo/address/A104624
Lange_Houtstraat_42.gltf,https://adamlink.nl/geo/address/A104416
Lange_Houtstraat_44.gltf,https://adamlink.nl/geo/address/A104411
Lange_Houtstraat_45.gltf,https://adamlink.nl/geo/address/A104639
Lange_Houtstraat_47.gltf,https://adamlink.nl/geo/address/A104644
Lange_Houtstraat_48.gltf,https://adamlink.nl/geo/address/A104402
Lange_Houtstraat_49.gltf,https://adamlink.nl/geo/address/A104649
Lange_Houtstraat_5.gltf,https://adamlink.nl/geo/address/A104528
Lange_Houtstraat_50.gltf,https://adamlink.nl/geo/address/A104399
Lange_Houtstraat_52.gltf,https://adamlink.nl/geo/address/A104394
Lange_Houtstraat_54.gltf,https://adamlink.nl/geo/address/A104391
Lange_Houtstraat_55.gltf,https://adamlink.nl/geo/address/A104662
Lange_Houtstraat_55_57_59.gltf,https://adamlink.nl/geo/address/A104667
Lange_Houtstraat_56.gltf,https://adamlink.nl/geo/address/A104387
Lange_Houtstraat_58.gltf,https://adamlink.nl/geo/address/A104382
Lange_Houtstraat_61_63.gltf,https://adamlink.nl/geo/address/A104677
Lange_Houtstraat_7.gltf,https://adamlink.nl/geo/address/A104532
Lange_Houtstraat_8.gltf,https://adamlink.nl/geo/address/A104503
Lange_Houtstraat_9.gltf,https://adamlink.nl/geo/address/A104537
Leprozen_gracht_10.gltf,https://adamlink.nl/geo/address/A104721
Leprozen_gracht_12.gltf,https://adamlink.nl/geo/address/A104716
Leprozen_gracht_16_14.gltf,https://adamlink.nl/geo/address/A104711
Leprozen_gracht_18.gltf,https://adamlink.nl/geo/address/A104702
Leprozen_gracht_2.gltf,https://adamlink.nl/geo/address/A104741
Leprozen_gracht_20_Lange_Houtstraat_65_67.gltf,https://adamlink.nl/geo/address/A104697
Leprozen_gracht_22.gltf,https://adamlink.nl/geo/address/A104378
Leprozen_gracht_24.gltf,https://adamlink.nl/geo/address/A104373
Leprozen_gracht_26.gltf,https://adamlink.nl/geo/address/A104369
Leprozen_gracht_28.gltf,https://adamlink.nl/geo/address/A104365
Leprozen_gracht_30.gltf,https://adamlink.nl/geo/address/A104360
Leprozen_gracht_32.gltf,https://adamlink.nl/geo/address/A104351
Leprozen_gracht_34_36.gltf,https://adamlink.nl/geo/address/A104346
Leprozen_gracht_38.gltf,https://adamlink.nl/geo/address/A104336
Leprozen_gracht_6_4.gltf,https://adamlink.nl/geo/address/A104736
Leprozen_gracht_8.gltf,https://adamlink.nl/geo/address/A104726
Zwanenburgerstraat_1.gltf,https://adamlink.nl/geo/address/A103991
Zwanenburgerstraat_10.gltf,https://adamlink.nl/geo/address/A103929
Zwanenburgerstraat_11.gltf,https://adamlink.nl/geo/address/A104020
Zwanenburgerstraat_12.gltf,https://adamlink.nl/geo/address/A103934
Zwanenburgerstraat_13.gltf,https://adamlink.nl/geo/address/A104025
Zwanenburgerstraat_14.gltf,https://adamlink.nl/geo/address/A103946
Zwanenburgerstraat_16.gltf,https://adamlink.nl/geo/address/A103951
Zwanenburgerstraat_17.gltf,https://adamlink.nl/geo/address/A104035
Zwanenburgerstraat_18.gltf,https://adamlink.nl/geo/address/A103955
Zwanenburgerstraat_19.gltf,https://adamlink.nl/geo/address/A104040
Zwanenburgerstraat_20.gltf,https://adamlink.nl/geo/address/A103960
Zwanenburgerstraat_21.gltf,https://adamlink.nl/geo/address/A104045
Zwanenburgerstraat_22.gltf,https://adamlink.nl/geo/address/A103971
Zwanenburgerstraat_23.gltf,https://adamlink.nl/geo/address/A104050
Zwanenburgerstraat_24.gltf,https://adamlink.nl/geo/address/A103976
Zwanenburgerstraat_25.gltf,https://adamlink.nl/geo/address/A104055
Zwanenburgerstraat_26.gltf,https://adamlink.nl/geo/address/A103981
Zwanenburgerstraat_28.gltf,https://adamlink.nl/geo/address/A103986
Zwanenburgerstraat_29.gltf,https://adamlink.nl/geo/address/A104065
Zwanenburgerstraat_3.gltf,https://adamlink.nl/geo/address/A104000
Zwanenburgerstraat_31.gltf,https://adamlink.nl/geo/address/A104247
Zwanenburgerstraat_33.gltf,https://adamlink.nl/geo/address/A104252
Zwanenburgerstraat_35.gltf,https://adamlink.nl/geo/address/A104257
Zwanenburgerstraat_37.gltf,https://adamlink.nl/geo/address/A104262
Zwanenburgerstraat_39.gltf,https://adamlink.nl/geo/address/A104267
Zwanenburgerstraat_4.gltf,https://adamlink.nl/geo/address/A103914
Zwanenburgerstraat_41.gltf,https://adamlink.nl/geo/address/A104272
Zwanenburgerstraat_43.gltf,https://adamlink.nl/geo/address/A104277
Zwanenburgerstraat_45.gltf,https://adamlink.nl/geo/address/A104282
Zwanenburgerstraat_47.gltf,https://adamlink.nl/geo/address/A104287
Zwanenburgerstraat_49.gltf,https://adamlink.nl/geo/address/A104290
Zwanenburgerstraat_5.gltf,https://adamlink.nl/geo/address/A104005
Zwanenburgerstraat_51.gltf,https://adamlink.nl/geo/address/A104297
Zwanenburgerstraat_53.gltf,https://adamlink.nl/geo/address/A104302
Zwanenburgerstraat_57.gltf,https://adamlink.nl/geo/address/A104312
Zwanenburgerstraat_59.gltf,https://adamlink.nl/geo/address/A104317
Zwanenburgerstraat_6.gltf,https://adamlink.nl/geo/address/A103919
Zwanenburgerstraat_61_63_Leprozen_gracht_40.gltf,https://adamlink.nl/geo/address/A104322
Zwanenburgerstraat_7.gltf,https://adamlink.nl/geo/address/A104010
Zwanenburgerstraat_8.gltf,https://adamlink.nl/geo/address/A103924
Zwanenburgerstraat_9.gltf,https://adamlink.nl/geo/address/A104015
Zwanenburgwal_1.gltf,https://adamlink.nl/geo/address/A101708
Zwanenburgwal_19.gltf,https://adamlink.nl/geo/address/A103827
Zwanenburgwal_21.gltf,https://adamlink.nl/geo/address/A103832
Zwanenburgwal_23.gltf,https://adamlink.nl/geo/address/A103837
Zwanenburgwal_25.gltf,https://adamlink.nl/geo/address/A103842
Zwanenburgwal_27.gltf,https://adamlink.nl/geo/address/A103847
Zwanenburgwal_29.gltf,https://adamlink.nl/geo/address/A103852
Zwanenburgwal_31.gltf,https://adamlink.nl/geo/address/A103857
Zwanenburgwal_33.gltf,https://adamlink.nl/geo/address/A103862
Zwanenburgwal_35.gltf,https://adamlink.nl/geo/address/A103865
Zwanenburgwal_37.gltf,https://adamlink.nl/geo/address/A103870
Zwanenburgwal_39.gltf,https://adamlink.nl/geo/address/A103875
Zwanenburgwal_41.gltf,https://adamlink.nl/geo/address/A103880
Zwanenburgwal_43.gltf,https://adamlink.nl/geo/address/A103885
Zwanenburgwal_45.gltf,https://adamlink.nl/geo/address/A103890
Zwanenburgwal_47.gltf,https://adamlink.nl/geo/address/A103895
Zwanenburgwal_49.gltf,https://adamlink.nl/geo/address/A103900
Zwanenburgwal_51.gltf,https://adamlink.nl/geo/address/A103905
