filename,1802,1853,1876,1909,1943
Hout_gracht_10_12.gltf,https://adamlink.nl/geo/address/A229962,https://adamlink.nl/geo/address/A103803,https://adamlink.nl/geo/address/A103802,https://adamlink.nl/geo/address/A103801,https://adamlink.nl/geo/address/A103800
Hout_gracht_14.gltf,,https://adamlink.nl/geo/address/A103793,https://adamlink.nl/geo/address/A103787,https://adamlink.nl/geo/address/A103786,https://adamlink.nl/geo/address/A103790
Hout_gracht_16_18_20_22.gltf,,https://adamlink.nl/geo/address/A103784,https://adamlink.nl/geo/address/A103783,https://adamlink.nl/geo/address/A103761,
Hout_gracht_2.gltf,,https://adamlink.nl/geo/address/A103823,https://adamlink.nl/geo/address/A103822,https://adamlink.nl/geo/address/A103821,https://adamlink.nl/geo/address/A103820
Hout_gracht_24.gltf,,https://adamlink.nl/geo/address/A103763,https://adamlink.nl/geo/address/A103762,https://adamlink.nl/geo/address/A103761,https://adamlink.nl/geo/address/A103760
Hout_gracht_26_28.gltf,https://adamlink.nl/geo/address/A229963,https://adamlink.nl/geo/address/A103758,https://adamlink.nl/geo/address/A103757,https://adamlink.nl/geo/address/A103756,https://adamlink.nl/geo/address/A103750
Hout_gracht_30.gltf,,https://adamlink.nl/geo/address/A103748,https://adamlink.nl/geo/address/A103742,https://adamlink.nl/geo/address/A103741,https://adamlink.nl/geo/address/A103740
Hout_gracht_32.gltf,,https://adamlink.nl/geo/address/A103738,https://adamlink.nl/geo/address/A103737,https://adamlink.nl/geo/address/A103736,https://adamlink.nl/geo/address/A103735
Hout_gracht_34.gltf,,https://adamlink.nl/geo/address/A103733,https://adamlink.nl/geo/address/A103732,https://adamlink.nl/geo/address/A103731,https://adamlink.nl/geo/address/A103730
Hout_gracht_36.gltf,,https://adamlink.nl/geo/address/A103728,https://adamlink.nl/geo/address/A103707,https://adamlink.nl/geo/address/A103706,
Hout_gracht_38_46.gltf,,https://adamlink.nl/geo/address/A103704,https://adamlink.nl/geo/address/A103703,https://adamlink.nl/geo/address/A103702,https://adamlink.nl/geo/address/A103701
Hout_gracht_4.gltf,,https://adamlink.nl/geo/address/A103818,https://adamlink.nl/geo/address/A103817,https://adamlink.nl/geo/address/A103816,https://adamlink.nl/geo/address/A103815
Hout_gracht_40.gltf,,https://adamlink.nl/geo/address/A103699,https://adamlink.nl/geo/address/A103698,,
Hout_gracht_42.gltf,,https://adamlink.nl/geo/address/A103696,https://adamlink.nl/geo/address/A103695,,
Hout_gracht_48.gltf,,https://adamlink.nl/geo/address/A103682,https://adamlink.nl/geo/address/A103681,https://adamlink.nl/geo/address/A103680,
Hout_gracht_50.gltf,,https://adamlink.nl/geo/address/A103677,https://adamlink.nl/geo/address/A103676,https://adamlink.nl/geo/address/A103675,
Hout_gracht_54.gltf,,https://adamlink.nl/geo/address/A103670,https://adamlink.nl/geo/address/A103669,https://adamlink.nl/geo/address/A103668,https://adamlink.nl/geo/address/A103667
Hout_gracht_56.gltf,,https://adamlink.nl/geo/address/A103665,https://adamlink.nl/geo/address/A103664,https://adamlink.nl/geo/address/A103663,https://adamlink.nl/geo/address/A103662
Hout_gracht_58.gltf,,https://adamlink.nl/geo/address/A103660,https://adamlink.nl/geo/address/A103659,https://adamlink.nl/geo/address/A103658,https://adamlink.nl/geo/address/A103657
Hout_gracht_6.gltf,,https://adamlink.nl/geo/address/A103813,https://adamlink.nl/geo/address/A103812,https://adamlink.nl/geo/address/A103811,https://adamlink.nl/geo/address/A103810
Hout_gracht_60.gltf,,https://adamlink.nl/geo/address/A103655,https://adamlink.nl/geo/address/A103654,https://adamlink.nl/geo/address/A103653,https://adamlink.nl/geo/address/A103652
Hout_gracht_62.gltf,,https://adamlink.nl/geo/address/A103650,https://adamlink.nl/geo/address/A103649,https://adamlink.nl/geo/address/A103648,https://adamlink.nl/geo/address/A103647
Hout_gracht_64.gltf,,https://adamlink.nl/geo/address/A103645,https://adamlink.nl/geo/address/A103644,https://adamlink.nl/geo/address/A103643,https://adamlink.nl/geo/address/A103642
Hout_gracht_8.gltf,,https://adamlink.nl/geo/address/A103808,https://adamlink.nl/geo/address/A103807,https://adamlink.nl/geo/address/A103806,https://adamlink.nl/geo/address/A103805
Korte_Houtstraat_1.gltf,,https://adamlink.nl/geo/address/A104135,https://adamlink.nl/geo/address/A104134,https://adamlink.nl/geo/address/A104133,https://adamlink.nl/geo/address/A104132
Korte_Houtstraat_10.gltf,,https://adamlink.nl/geo/address/A104110,https://adamlink.nl/geo/address/A104109,https://adamlink.nl/geo/address/A104108,https://adamlink.nl/geo/address/A104107
Korte_Houtstraat_11.gltf,,https://adamlink.nl/geo/address/A104164,https://adamlink.nl/geo/address/A104159,https://adamlink.nl/geo/address/A104158,
Korte_Houtstraat_13.gltf,,https://adamlink.nl/geo/address/A104169,https://adamlink.nl/geo/address/A104168,https://adamlink.nl/geo/address/A104167,https://adamlink.nl/geo/address/A104166
Korte_Houtstraat_15.gltf,,https://adamlink.nl/geo/address/A104174,https://adamlink.nl/geo/address/A104173,https://adamlink.nl/geo/address/A104172,https://adamlink.nl/geo/address/A104171
Korte_Houtstraat_17.gltf,,https://adamlink.nl/geo/address/A104179,https://adamlink.nl/geo/address/A104178,https://adamlink.nl/geo/address/A104177,https://adamlink.nl/geo/address/A104176
Korte_Houtstraat_18.gltf,,https://adamlink.nl/geo/address/A104105,https://adamlink.nl/geo/address/A104104,https://adamlink.nl/geo/address/A104103,https://adamlink.nl/geo/address/A104102
Korte_Houtstraat_2.gltf,https://adamlink.nl/geo/address/A229964,https://adamlink.nl/geo/address/A104130,https://adamlink.nl/geo/address/A104129,https://adamlink.nl/geo/address/A104128,https://adamlink.nl/geo/address/A104127
Korte_Houtstraat_20.gltf,,https://adamlink.nl/geo/address/A104100,https://adamlink.nl/geo/address/A104099,https://adamlink.nl/geo/address/A104098,https://adamlink.nl/geo/address/A104097
Korte_Houtstraat_21_19.gltf,https://adamlink.nl/geo/address/A229973,https://adamlink.nl/geo/address/A104189,https://adamlink.nl/geo/address/A104188,https://adamlink.nl/geo/address/A104187,https://adamlink.nl/geo/address/A104181
Korte_Houtstraat_22.gltf,,https://adamlink.nl/geo/address/A104095,https://adamlink.nl/geo/address/A104094,https://adamlink.nl/geo/address/A104093,https://adamlink.nl/geo/address/A104092
Korte_Houtstraat_23.gltf,https://adamlink.nl/geo/address/A229972,https://adamlink.nl/geo/address/A104194,https://adamlink.nl/geo/address/A104193,https://adamlink.nl/geo/address/A104192,https://adamlink.nl/geo/address/A104191
Korte_Houtstraat_24.gltf,https://adamlink.nl/geo/address/A229974,https://adamlink.nl/geo/address/A104090,https://adamlink.nl/geo/address/A104089,https://adamlink.nl/geo/address/A104088,
Korte_Houtstraat_25.001.gltf,https://adamlink.nl/geo/address/A229975,https://adamlink.nl/geo/address/A104082,https://adamlink.nl/geo/address/A104081,https://adamlink.nl/geo/address/A104080,
Korte_Houtstraat_25.gltf,https://adamlink.nl/geo/address/A229971,https://adamlink.nl/geo/address/A104199,https://adamlink.nl/geo/address/A104198,https://adamlink.nl/geo/address/A104197,https://adamlink.nl/geo/address/A104196
Korte_Houtstraat_26.gltf,https://adamlink.nl/geo/address/A229974,https://adamlink.nl/geo/address/A104086,https://adamlink.nl/geo/address/A104085,https://adamlink.nl/geo/address/A104084,
Korte_Houtstraat_27.gltf,https://adamlink.nl/geo/address/A229970,https://adamlink.nl/geo/address/A104204,https://adamlink.nl/geo/address/A104203,https://adamlink.nl/geo/address/A104202,https://adamlink.nl/geo/address/A104201
Korte_Houtstraat_28.gltf,https://adamlink.nl/geo/address/A229975,https://adamlink.nl/geo/address/A104082,https://adamlink.nl/geo/address/A104081,https://adamlink.nl/geo/address/A104080,
Korte_Houtstraat_31.gltf,https://adamlink.nl/geo/address/A229969,https://adamlink.nl/geo/address/A104212,https://adamlink.nl/geo/address/A104211,https://adamlink.nl/geo/address/A104210,https://adamlink.nl/geo/address/A104209
Korte_Houtstraat_32.gltf,https://adamlink.nl/geo/address/A229977,https://adamlink.nl/geo/address/A104074,https://adamlink.nl/geo/address/A104073,https://adamlink.nl/geo/address/A104072,
Korte_Houtstraat_33.gltf,,https://adamlink.nl/geo/address/A104217,https://adamlink.nl/geo/address/A104216,https://adamlink.nl/geo/address/A104215,https://adamlink.nl/geo/address/A104214
Korte_Houtstraat_34.gltf,,https://adamlink.nl/geo/address/A104070,https://adamlink.nl/geo/address/A104069,https://adamlink.nl/geo/address/A104068,
Korte_Houtstraat_35.gltf,,https://adamlink.nl/geo/address/A104221,https://adamlink.nl/geo/address/A104220,https://adamlink.nl/geo/address/A104219,
Korte_Houtstraat_37.gltf,,https://adamlink.nl/geo/address/A104225,https://adamlink.nl/geo/address/A104224,https://adamlink.nl/geo/address/A104223,
Korte_Houtstraat_39.gltf,,https://adamlink.nl/geo/address/A104229,https://adamlink.nl/geo/address/A104228,https://adamlink.nl/geo/address/A104227,
Korte_Houtstraat_4.gltf,,https://adamlink.nl/geo/address/A104140,https://adamlink.nl/geo/address/A104139,https://adamlink.nl/geo/address/A104138,https://adamlink.nl/geo/address/A104137
Korte_Houtstraat_45_41.gltf,https://adamlink.nl/geo/address/A229973,https://adamlink.nl/geo/address/A104234,https://adamlink.nl/geo/address/A104233,https://adamlink.nl/geo/address/A104232,https://adamlink.nl/geo/address/A104231
Korte_Houtstraat_5_3.gltf,,https://adamlink.nl/geo/address/A104140,https://adamlink.nl/geo/address/A104139,https://adamlink.nl/geo/address/A104138,https://adamlink.nl/geo/address/A104137
Korte_Houtstraat_6.gltf,https://adamlink.nl/geo/address/A229966,https://adamlink.nl/geo/address/A104120,https://adamlink.nl/geo/address/A104119,https://adamlink.nl/geo/address/A104118,https://adamlink.nl/geo/address/A104117
Korte_Houtstraat_7.gltf,,https://adamlink.nl/geo/address/A104150,https://adamlink.nl/geo/address/A104149,https://adamlink.nl/geo/address/A104148,https://adamlink.nl/geo/address/A104147
Korte_Houtstraat_8.gltf,,https://adamlink.nl/geo/address/A104115,https://adamlink.nl/geo/address/A104114,https://adamlink.nl/geo/address/A104113,https://adamlink.nl/geo/address/A104112
Korte_Houtstraat_9.gltf,,https://adamlink.nl/geo/address/A104155,https://adamlink.nl/geo/address/A104154,https://adamlink.nl/geo/address/A104153,https://adamlink.nl/geo/address/A104152
Lange_Houtstraat_1.gltf,https://adamlink.nl/geo/address/A229955,https://adamlink.nl/geo/address/A104522,https://adamlink.nl/geo/address/A104521,https://adamlink.nl/geo/address/A104520,https://adamlink.nl/geo/address/A104519
Lange_Houtstraat_10_12.gltf,,https://adamlink.nl/geo/address/A104499,https://adamlink.nl/geo/address/A104498,https://adamlink.nl/geo/address/A104497,
Lange_Houtstraat_11.gltf,https://adamlink.nl/geo/address/A229953,https://adamlink.nl/geo/address/A104543,https://adamlink.nl/geo/address/A104542,https://adamlink.nl/geo/address/A104541,https://adamlink.nl/geo/address/A104540
Lange_Houtstraat_13.gltf,https://adamlink.nl/geo/address/A229952,https://adamlink.nl/geo/address/A104548,https://adamlink.nl/geo/address/A104547,https://adamlink.nl/geo/address/A104546,https://adamlink.nl/geo/address/A104545
Lange_Houtstraat_14.gltf,,https://adamlink.nl/geo/address/A104491,https://adamlink.nl/geo/address/A104490,https://adamlink.nl/geo/address/A104489,https://adamlink.nl/geo/address/A104488
Lange_Houtstraat_15.gltf,https://adamlink.nl/geo/address/A229951,https://adamlink.nl/geo/address/A104553,https://adamlink.nl/geo/address/A104552,https://adamlink.nl/geo/address/A104551,https://adamlink.nl/geo/address/A104550
Lange_Houtstraat_16.gltf,,https://adamlink.nl/geo/address/A104486,https://adamlink.nl/geo/address/A104485,https://adamlink.nl/geo/address/A104484,
Lange_Houtstraat_17.gltf,,https://adamlink.nl/geo/address/A104558,https://adamlink.nl/geo/address/A104557,https://adamlink.nl/geo/address/A104556,https://adamlink.nl/geo/address/A104555
Lange_Houtstraat_18.gltf,,https://adamlink.nl/geo/address/A104482,https://adamlink.nl/geo/address/A104481,https://adamlink.nl/geo/address/A104480,https://adamlink.nl/geo/address/A104479
Lange_Houtstraat_19.gltf,,https://adamlink.nl/geo/address/A104562,https://adamlink.nl/geo/address/A104561,https://adamlink.nl/geo/address/A104560,
Lange_Houtstraat_2_4_6.gltf,,https://adamlink.nl/geo/address/A104517,https://adamlink.nl/geo/address/A104516,https://adamlink.nl/geo/address/A104515,https://adamlink.nl/geo/address/A104514
Lange_Houtstraat_20.gltf,,https://adamlink.nl/geo/address/A104477,https://adamlink.nl/geo/address/A104476,https://adamlink.nl/geo/address/A104475,https://adamlink.nl/geo/address/A104474
Lange_Houtstraat_21.gltf,,https://adamlink.nl/geo/address/A104566,https://adamlink.nl/geo/address/A104565,https://adamlink.nl/geo/address/A104564,
Lange_Houtstraat_22.gltf,,https://adamlink.nl/geo/address/A104472,https://adamlink.nl/geo/address/A104471,https://adamlink.nl/geo/address/A104470,https://adamlink.nl/geo/address/A104469
Lange_Houtstraat_23.gltf,,,https://adamlink.nl/geo/address/A104569,https://adamlink.nl/geo/address/A104568,
Lange_Houtstraat_24.gltf,,https://adamlink.nl/geo/address/A104467,https://adamlink.nl/geo/address/A104466,https://adamlink.nl/geo/address/A104465,https://adamlink.nl/geo/address/A104464
Lange_Houtstraat_25.gltf,,https://adamlink.nl/geo/address/A104574,https://adamlink.nl/geo/address/A104573,https://adamlink.nl/geo/address/A104572,https://adamlink.nl/geo/address/A104571
Lange_Houtstraat_26.gltf,,https://adamlink.nl/geo/address/A104455,https://adamlink.nl/geo/address/A104454,https://adamlink.nl/geo/address/A104453,
Lange_Houtstraat_27.gltf,,https://adamlink.nl/geo/address/A104579,https://adamlink.nl/geo/address/A104578,https://adamlink.nl/geo/address/A104577,https://adamlink.nl/geo/address/A104576
Lange_Houtstraat_28.gltf,,https://adamlink.nl/geo/address/A104451,https://adamlink.nl/geo/address/A104450,https://adamlink.nl/geo/address/A104449,
Lange_Houtstraat_29.gltf,,https://adamlink.nl/geo/address/A104584,https://adamlink.nl/geo/address/A104583,https://adamlink.nl/geo/address/A104582,https://adamlink.nl/geo/address/A104581
Lange_Houtstraat_3.gltf,,,https://adamlink.nl/geo/address/A104525,https://adamlink.nl/geo/address/A104524,
Lange_Houtstraat_30.gltf,,https://adamlink.nl/geo/address/A104447,https://adamlink.nl/geo/address/A104446,https://adamlink.nl/geo/address/A104445,https://adamlink.nl/geo/address/A104444
Lange_Houtstraat_31.gltf,,https://adamlink.nl/geo/address/A104589,https://adamlink.nl/geo/address/A104588,https://adamlink.nl/geo/address/A104587,https://adamlink.nl/geo/address/A104586
Lange_Houtstraat_32.gltf,,https://adamlink.nl/geo/address/A104442,https://adamlink.nl/geo/address/A104441,https://adamlink.nl/geo/address/A104440,https://adamlink.nl/geo/address/A104439
Lange_Houtstraat_33.gltf,,https://adamlink.nl/geo/address/A104606,https://adamlink.nl/geo/address/A104605,https://adamlink.nl/geo/address/A104604,https://adamlink.nl/geo/address/A104603
Lange_Houtstraat_34.gltf,,https://adamlink.nl/geo/address/A104437,https://adamlink.nl/geo/address/A104436,https://adamlink.nl/geo/address/A104435,https://adamlink.nl/geo/address/A104434
Lange_Houtstraat_35.gltf,,https://adamlink.nl/geo/address/A104610,https://adamlink.nl/geo/address/A104609,https://adamlink.nl/geo/address/A104608,
Lange_Houtstraat_36.gltf,,https://adamlink.nl/geo/address/A104432,https://adamlink.nl/geo/address/A104431,https://adamlink.nl/geo/address/A104430,https://adamlink.nl/geo/address/A104429
Lange_Houtstraat_37.gltf,,https://adamlink.nl/geo/address/A104615,https://adamlink.nl/geo/address/A104614,https://adamlink.nl/geo/address/A104613,https://adamlink.nl/geo/address/A104612
Lange_Houtstraat_38.gltf,,https://adamlink.nl/geo/address/A104427,https://adamlink.nl/geo/address/A104426,https://adamlink.nl/geo/address/A104425,https://adamlink.nl/geo/address/A104424
Lange_Houtstraat_39.gltf,,https://adamlink.nl/geo/address/A104620,https://adamlink.nl/geo/address/A104619,https://adamlink.nl/geo/address/A104618,https://adamlink.nl/geo/address/A104617
Lange_Houtstraat_40.gltf,,https://adamlink.nl/geo/address/A104422,https://adamlink.nl/geo/address/A104421,https://adamlink.nl/geo/address/A104420,https://adamlink.nl/geo/address/A104419
Lange_Houtstraat_41_43.gltf,,https://adamlink.nl/geo/address/A104625,https://adamlink.nl/geo/address/A104624,https://adamlink.nl/geo/address/A104623,https://adamlink.nl/geo/address/A104622
Lange_Houtstraat_42.gltf,,https://adamlink.nl/geo/address/A104417,https://adamlink.nl/geo/address/A104416,https://adamlink.nl/geo/address/A104415,https://adamlink.nl/geo/address/A104414
Lange_Houtstraat_44.gltf,,https://adamlink.nl/geo/address/A104412,https://adamlink.nl/geo/address/A104411,https://adamlink.nl/geo/address/A104410,https://adamlink.nl/geo/address/A104409
Lange_Houtstraat_45.gltf,,https://adamlink.nl/geo/address/A104640,https://adamlink.nl/geo/address/A104639,https://adamlink.nl/geo/address/A104638,https://adamlink.nl/geo/address/A104637
Lange_Houtstraat_47.gltf,,https://adamlink.nl/geo/address/A104645,https://adamlink.nl/geo/address/A104644,https://adamlink.nl/geo/address/A104643,https://adamlink.nl/geo/address/A104642
Lange_Houtstraat_48.gltf,,https://adamlink.nl/geo/address/A104403,https://adamlink.nl/geo/address/A104402,,
Lange_Houtstraat_49.gltf,,https://adamlink.nl/geo/address/A104650,https://adamlink.nl/geo/address/A104649,https://adamlink.nl/geo/address/A104648,https://adamlink.nl/geo/address/A104647
Lange_Houtstraat_5.gltf,,https://adamlink.nl/geo/address/A104529,https://adamlink.nl/geo/address/A104528,https://adamlink.nl/geo/address/A104527,
Lange_Houtstraat_50.gltf,,https://adamlink.nl/geo/address/A104400,https://adamlink.nl/geo/address/A104399,https://adamlink.nl/geo/address/A104398,https://adamlink.nl/geo/address/A104397
Lange_Houtstraat_52.gltf,,https://adamlink.nl/geo/address/A104395,https://adamlink.nl/geo/address/A104394,https://adamlink.nl/geo/address/A104393,
Lange_Houtstraat_54.gltf,,,https://adamlink.nl/geo/address/A104391,https://adamlink.nl/geo/address/A104390,
Lange_Houtstraat_55.gltf,,https://adamlink.nl/geo/address/A104654,https://adamlink.nl/geo/address/A104662,https://adamlink.nl/geo/address/A104661,https://adamlink.nl/geo/address/A104660
Lange_Houtstraat_55_57_59.gltf,,https://adamlink.nl/geo/address/A104658,https://adamlink.nl/geo/address/A104667,https://adamlink.nl/geo/address/A104666,https://adamlink.nl/geo/address/A104665
Lange_Houtstraat_56.gltf,,https://adamlink.nl/geo/address/A104388,https://adamlink.nl/geo/address/A104387,https://adamlink.nl/geo/address/A104386,https://adamlink.nl/geo/address/A104385
Lange_Houtstraat_58.gltf,,https://adamlink.nl/geo/address/A104383,https://adamlink.nl/geo/address/A104382,https://adamlink.nl/geo/address/A104381,https://adamlink.nl/geo/address/A104380
Lange_Houtstraat_61_63.gltf,,https://adamlink.nl/geo/address/A104678,https://adamlink.nl/geo/address/A104677,https://adamlink.nl/geo/address/A104676,https://adamlink.nl/geo/address/A104675
Lange_Houtstraat_7.gltf,,https://adamlink.nl/geo/address/A104533,https://adamlink.nl/geo/address/A104532,https://adamlink.nl/geo/address/A104531,
Lange_Houtstraat_8.gltf,,https://adamlink.nl/geo/address/A104504,https://adamlink.nl/geo/address/A104503,https://adamlink.nl/geo/address/A104502,https://adamlink.nl/geo/address/A104501
Lange_Houtstraat_9.gltf,https://adamlink.nl/geo/address/A229954,https://adamlink.nl/geo/address/A104538,https://adamlink.nl/geo/address/A104537,https://adamlink.nl/geo/address/A104536,https://adamlink.nl/geo/address/A104535
Leprozen_gracht_10.gltf,,https://adamlink.nl/geo/address/A104722,https://adamlink.nl/geo/address/A104721,https://adamlink.nl/geo/address/A104720,https://adamlink.nl/geo/address/A104719
Leprozen_gracht_12.gltf,,https://adamlink.nl/geo/address/A104717,https://adamlink.nl/geo/address/A104716,https://adamlink.nl/geo/address/A104715,https://adamlink.nl/geo/address/A104714
Leprozen_gracht_16_14.gltf,,https://adamlink.nl/geo/address/A104712,https://adamlink.nl/geo/address/A104711,https://adamlink.nl/geo/address/A104710,https://adamlink.nl/geo/address/A104709
Leprozen_gracht_18.gltf,,https://adamlink.nl/geo/address/A104703,https://adamlink.nl/geo/address/A104702,https://adamlink.nl/geo/address/A104701,https://adamlink.nl/geo/address/A104700
Leprozen_gracht_2.gltf,,https://adamlink.nl/geo/address/A104742,https://adamlink.nl/geo/address/A104741,https://adamlink.nl/geo/address/A104740,https://adamlink.nl/geo/address/A104739
Leprozen_gracht_20_Lange_Houtstraat_65_67.gltf,,https://adamlink.nl/geo/address/A104698,https://adamlink.nl/geo/address/A104697,https://adamlink.nl/geo/address/A104696,https://adamlink.nl/geo/address/A104695
Leprozen_gracht_22.gltf,,,https://adamlink.nl/geo/address/A104378,https://adamlink.nl/geo/address/A104377,https://adamlink.nl/geo/address/A104376
Leprozen_gracht_24.gltf,,https://adamlink.nl/geo/address/A104374,https://adamlink.nl/geo/address/A104373,https://adamlink.nl/geo/address/A104372,
Leprozen_gracht_26.gltf,,https://adamlink.nl/geo/address/A104370,https://adamlink.nl/geo/address/A104369,https://adamlink.nl/geo/address/A104368,
Leprozen_gracht_28.gltf,,https://adamlink.nl/geo/address/A104366,https://adamlink.nl/geo/address/A104365,https://adamlink.nl/geo/address/A104364,https://adamlink.nl/geo/address/A104363
Leprozen_gracht_30.gltf,,https://adamlink.nl/geo/address/A104361,https://adamlink.nl/geo/address/A104360,https://adamlink.nl/geo/address/A104359,https://adamlink.nl/geo/address/A104358
Leprozen_gracht_32.gltf,,https://adamlink.nl/geo/address/A104352,https://adamlink.nl/geo/address/A104351,https://adamlink.nl/geo/address/A104350,https://adamlink.nl/geo/address/A104349
Leprozen_gracht_34_36.gltf,,https://adamlink.nl/geo/address/A104347,https://adamlink.nl/geo/address/A104346,https://adamlink.nl/geo/address/A104345,https://adamlink.nl/geo/address/A104344
Leprozen_gracht_38.gltf,,https://adamlink.nl/geo/address/A104337,https://adamlink.nl/geo/address/A104336,https://adamlink.nl/geo/address/A104335,https://adamlink.nl/geo/address/A104334
Leprozen_gracht_6_4.gltf,,https://adamlink.nl/geo/address/A104737,https://adamlink.nl/geo/address/A104736,https://adamlink.nl/geo/address/A104735,https://adamlink.nl/geo/address/A104734
Leprozen_gracht_8.gltf,,https://adamlink.nl/geo/address/A104727,https://adamlink.nl/geo/address/A104726,https://adamlink.nl/geo/address/A104725,https://adamlink.nl/geo/address/A104724
Zwanenburgerstraat_1.gltf,,https://adamlink.nl/geo/address/A103996,https://adamlink.nl/geo/address/A103991,https://adamlink.nl/geo/address/A103990,
Zwanenburgerstraat_10.gltf,https://adamlink.nl/geo/address/A229986,https://adamlink.nl/geo/address/A103930,https://adamlink.nl/geo/address/A103929,https://adamlink.nl/geo/address/A103928,https://adamlink.nl/geo/address/A103927
Zwanenburgerstraat_11.gltf,,https://adamlink.nl/geo/address/A104021,https://adamlink.nl/geo/address/A104020,https://adamlink.nl/geo/address/A104019,https://adamlink.nl/geo/address/A104018
Zwanenburgerstraat_12.gltf,https://adamlink.nl/geo/address/A229988,https://adamlink.nl/geo/address/A103935,https://adamlink.nl/geo/address/A103934,https://adamlink.nl/geo/address/A103933,https://adamlink.nl/geo/address/A103932
Zwanenburgerstraat_13.gltf,,https://adamlink.nl/geo/address/A104026,https://adamlink.nl/geo/address/A104025,https://adamlink.nl/geo/address/A104024,https://adamlink.nl/geo/address/A104023
Zwanenburgerstraat_14.gltf,,https://adamlink.nl/geo/address/A103947,https://adamlink.nl/geo/address/A103946,https://adamlink.nl/geo/address/A103945,https://adamlink.nl/geo/address/A103944
Zwanenburgerstraat_16.gltf,,https://adamlink.nl/geo/address/A103952,https://adamlink.nl/geo/address/A103951,https://adamlink.nl/geo/address/A103950,https://adamlink.nl/geo/address/A103949
Zwanenburgerstraat_17.gltf,https://adamlink.nl/geo/address/A229980,https://adamlink.nl/geo/address/A104036,https://adamlink.nl/geo/address/A104035,https://adamlink.nl/geo/address/A104034,https://adamlink.nl/geo/address/A104033
Zwanenburgerstraat_18.gltf,,https://adamlink.nl/geo/address/A103956,https://adamlink.nl/geo/address/A103955,https://adamlink.nl/geo/address/A103954,
Zwanenburgerstraat_19.gltf,https://adamlink.nl/geo/address/A229979,https://adamlink.nl/geo/address/A104041,https://adamlink.nl/geo/address/A104040,https://adamlink.nl/geo/address/A104039,https://adamlink.nl/geo/address/A104038
Zwanenburgerstraat_20.gltf,,https://adamlink.nl/geo/address/A103968,https://adamlink.nl/geo/address/A103960,https://adamlink.nl/geo/address/A103966,
Zwanenburgerstraat_21.gltf,https://adamlink.nl/geo/address/A229978,https://adamlink.nl/geo/address/A104046,https://adamlink.nl/geo/address/A104045,https://adamlink.nl/geo/address/A104044,https://adamlink.nl/geo/address/A104043
Zwanenburgerstraat_22.gltf,,https://adamlink.nl/geo/address/A103972,https://adamlink.nl/geo/address/A103971,https://adamlink.nl/geo/address/A103970,
Zwanenburgerstraat_23.gltf,,https://adamlink.nl/geo/address/A104051,https://adamlink.nl/geo/address/A104050,https://adamlink.nl/geo/address/A104049,https://adamlink.nl/geo/address/A104048
Zwanenburgerstraat_24.gltf,,https://adamlink.nl/geo/address/A103977,https://adamlink.nl/geo/address/A103976,https://adamlink.nl/geo/address/A103975,https://adamlink.nl/geo/address/A103974
Zwanenburgerstraat_25.gltf,,https://adamlink.nl/geo/address/A104056,https://adamlink.nl/geo/address/A104055,https://adamlink.nl/geo/address/A104054,https://adamlink.nl/geo/address/A104053
Zwanenburgerstraat_26.gltf,https://adamlink.nl/geo/address/A230127,https://adamlink.nl/geo/address/A103982,https://adamlink.nl/geo/address/A103981,https://adamlink.nl/geo/address/A103980,https://adamlink.nl/geo/address/A103979
Zwanenburgerstraat_28.gltf,https://adamlink.nl/geo/address/A230128,https://adamlink.nl/geo/address/A103987,https://adamlink.nl/geo/address/A103986,https://adamlink.nl/geo/address/A103985,https://adamlink.nl/geo/address/A103984
Zwanenburgerstraat_29.gltf,,https://adamlink.nl/geo/address/A104066,https://adamlink.nl/geo/address/A104065,https://adamlink.nl/geo/address/A104064,https://adamlink.nl/geo/address/A104063
Zwanenburgerstraat_3.gltf,,https://adamlink.nl/geo/address/A104001,https://adamlink.nl/geo/address/A104000,https://adamlink.nl/geo/address/A103999,https://adamlink.nl/geo/address/A103998
Zwanenburgerstraat_31.gltf,,https://adamlink.nl/geo/address/A104248,https://adamlink.nl/geo/address/A104247,https://adamlink.nl/geo/address/A104246,https://adamlink.nl/geo/address/A104245
Zwanenburgerstraat_33.gltf,https://adamlink.nl/geo/address/A229968,https://adamlink.nl/geo/address/A104253,https://adamlink.nl/geo/address/A104252,https://adamlink.nl/geo/address/A104251,https://adamlink.nl/geo/address/A104250
Zwanenburgerstraat_35.gltf,https://adamlink.nl/geo/address/A229968,https://adamlink.nl/geo/address/A104258,https://adamlink.nl/geo/address/A104257,https://adamlink.nl/geo/address/A104256,https://adamlink.nl/geo/address/A104255
Zwanenburgerstraat_37.gltf,https://adamlink.nl/geo/address/A229967,https://adamlink.nl/geo/address/A104263,https://adamlink.nl/geo/address/A104262,https://adamlink.nl/geo/address/A104261,https://adamlink.nl/geo/address/A104260
Zwanenburgerstraat_39.gltf,,https://adamlink.nl/geo/address/A104268,https://adamlink.nl/geo/address/A104267,https://adamlink.nl/geo/address/A104266,https://adamlink.nl/geo/address/A104265
Zwanenburgerstraat_4.gltf,https://adamlink.nl/geo/address/A229983,https://adamlink.nl/geo/address/A103915,https://adamlink.nl/geo/address/A103914,https://adamlink.nl/geo/address/A103913,https://adamlink.nl/geo/address/A103912
Zwanenburgerstraat_41.gltf,,https://adamlink.nl/geo/address/A104273,https://adamlink.nl/geo/address/A104272,https://adamlink.nl/geo/address/A104271,https://adamlink.nl/geo/address/A104270
Zwanenburgerstraat_43.gltf,,https://adamlink.nl/geo/address/A104278,https://adamlink.nl/geo/address/A104277,https://adamlink.nl/geo/address/A104276,https://adamlink.nl/geo/address/A104275
Zwanenburgerstraat_45.gltf,,https://adamlink.nl/geo/address/A104283,https://adamlink.nl/geo/address/A104282,https://adamlink.nl/geo/address/A104281,https://adamlink.nl/geo/address/A104280
Zwanenburgerstraat_47.gltf,,https://adamlink.nl/geo/address/A104288,https://adamlink.nl/geo/address/A104287,https://adamlink.nl/geo/address/A104286,https://adamlink.nl/geo/address/A104285
Zwanenburgerstraat_49.gltf,,https://adamlink.nl/geo/address/A104291,https://adamlink.nl/geo/address/A104290,,
Zwanenburgerstraat_5.gltf,,https://adamlink.nl/geo/address/A104006,https://adamlink.nl/geo/address/A104005,https://adamlink.nl/geo/address/A104004,https://adamlink.nl/geo/address/A104003
Zwanenburgerstraat_51.gltf,,https://adamlink.nl/geo/address/A104298,https://adamlink.nl/geo/address/A104297,https://adamlink.nl/geo/address/A104296,https://adamlink.nl/geo/address/A104295
Zwanenburgerstraat_53.gltf,,https://adamlink.nl/geo/address/A104303,https://adamlink.nl/geo/address/A104302,https://adamlink.nl/geo/address/A104301,https://adamlink.nl/geo/address/A104300
Zwanenburgerstraat_57.gltf,,https://adamlink.nl/geo/address/A104313,https://adamlink.nl/geo/address/A104312,https://adamlink.nl/geo/address/A104311,https://adamlink.nl/geo/address/A104310
Zwanenburgerstraat_59.gltf,,https://adamlink.nl/geo/address/A104318,https://adamlink.nl/geo/address/A104317,https://adamlink.nl/geo/address/A104316,https://adamlink.nl/geo/address/A104315
Zwanenburgerstraat_6.gltf,https://adamlink.nl/geo/address/A229984,https://adamlink.nl/geo/address/A103920,https://adamlink.nl/geo/address/A103919,https://adamlink.nl/geo/address/A103918,https://adamlink.nl/geo/address/A103917
Zwanenburgerstraat_61_63_Leprozen_gracht_40.gltf,,https://adamlink.nl/geo/address/A104323,https://adamlink.nl/geo/address/A104322,https://adamlink.nl/geo/address/A104321,https://adamlink.nl/geo/address/A104320
Zwanenburgerstraat_7.gltf,,https://adamlink.nl/geo/address/A104011,https://adamlink.nl/geo/address/A104010,https://adamlink.nl/geo/address/A104009,https://adamlink.nl/geo/address/A104008
Zwanenburgerstraat_8.gltf,https://adamlink.nl/geo/address/A229985,https://adamlink.nl/geo/address/A103925,https://adamlink.nl/geo/address/A103924,https://adamlink.nl/geo/address/A103923,https://adamlink.nl/geo/address/A103922
Zwanenburgerstraat_9.gltf,,https://adamlink.nl/geo/address/A104016,https://adamlink.nl/geo/address/A104015,https://adamlink.nl/geo/address/A104014,https://adamlink.nl/geo/address/A104013
Zwanenburgwal_1.gltf,,https://adamlink.nl/geo/address/A101709,https://adamlink.nl/geo/address/A101708,https://adamlink.nl/geo/address/A101707,https://adamlink.nl/geo/address/A101706
Zwanenburgwal_19.gltf,,https://adamlink.nl/geo/address/A103828,https://adamlink.nl/geo/address/A103827,https://adamlink.nl/geo/address/A103826,https://adamlink.nl/geo/address/A103825
Zwanenburgwal_21.gltf,https://adamlink.nl/geo/address/A229960,https://adamlink.nl/geo/address/A103833,https://adamlink.nl/geo/address/A103832,https://adamlink.nl/geo/address/A103831,https://adamlink.nl/geo/address/A103830
Zwanenburgwal_23.gltf,https://adamlink.nl/geo/address/A229959,https://adamlink.nl/geo/address/A103838,https://adamlink.nl/geo/address/A103837,https://adamlink.nl/geo/address/A103836,https://adamlink.nl/geo/address/A103835
Zwanenburgwal_25.gltf,https://adamlink.nl/geo/address/A229958,https://adamlink.nl/geo/address/A103843,https://adamlink.nl/geo/address/A103842,https://adamlink.nl/geo/address/A103841,https://adamlink.nl/geo/address/A103840
Zwanenburgwal_27.gltf,https://adamlink.nl/geo/address/A229957,https://adamlink.nl/geo/address/A103848,https://adamlink.nl/geo/address/A103847,https://adamlink.nl/geo/address/A103846,https://adamlink.nl/geo/address/A103845
Zwanenburgwal_29.gltf,https://adamlink.nl/geo/address/A229956,https://adamlink.nl/geo/address/A103853,https://adamlink.nl/geo/address/A103852,https://adamlink.nl/geo/address/A103851,https://adamlink.nl/geo/address/A103850
Zwanenburgwal_31.gltf,,https://adamlink.nl/geo/address/A103858,https://adamlink.nl/geo/address/A103857,https://adamlink.nl/geo/address/A103856,https://adamlink.nl/geo/address/A103855
Zwanenburgwal_33.gltf,https://adamlink.nl/geo/address/A229955,https://adamlink.nl/geo/address/A103863,https://adamlink.nl/geo/address/A103862,https://adamlink.nl/geo/address/A103861,https://adamlink.nl/geo/address/A103860
Zwanenburgwal_35.gltf,,https://adamlink.nl/geo/address/A103866,https://adamlink.nl/geo/address/A103865,,
Zwanenburgwal_37.gltf,,https://adamlink.nl/geo/address/A103871,https://adamlink.nl/geo/address/A103870,https://adamlink.nl/geo/address/A103869,https://adamlink.nl/geo/address/A103868
Zwanenburgwal_39.gltf,,https://adamlink.nl/geo/address/A103876,https://adamlink.nl/geo/address/A103875,https://adamlink.nl/geo/address/A103874,https://adamlink.nl/geo/address/A103873
Zwanenburgwal_41.gltf,,https://adamlink.nl/geo/address/A103881,https://adamlink.nl/geo/address/A103880,https://adamlink.nl/geo/address/A103879,https://adamlink.nl/geo/address/A103878
Zwanenburgwal_43.gltf,,https://adamlink.nl/geo/address/A103886,https://adamlink.nl/geo/address/A103885,https://adamlink.nl/geo/address/A103884,https://adamlink.nl/geo/address/A103883
Zwanenburgwal_45.gltf,https://adamlink.nl/geo/address/A229950,https://adamlink.nl/geo/address/A103891,https://adamlink.nl/geo/address/A103890,https://adamlink.nl/geo/address/A103889,https://adamlink.nl/geo/address/A103888
Zwanenburgwal_47.gltf,https://adamlink.nl/geo/address/A229949,https://adamlink.nl/geo/address/A103896,https://adamlink.nl/geo/address/A103895,https://adamlink.nl/geo/address/A103894,https://adamlink.nl/geo/address/A103893
Zwanenburgwal_49.gltf,https://adamlink.nl/geo/address/A229948,https://adamlink.nl/geo/address/A103901,https://adamlink.nl/geo/address/A103900,https://adamlink.nl/geo/address/A103899,https://adamlink.nl/geo/address/A103898
Zwanenburgwal_51.gltf,,https://adamlink.nl/geo/address/A103906,https://adamlink.nl/geo/address/A103905,https://adamlink.nl/geo/address/A103904,https://adamlink.nl/geo/address/A103903
