https://tile.googleapis.com:443/v1/3dtiles/datasets/CgIYAQ/files/AJVsH2zVA6UHwTfoxDW9Psw4qhY10yXy_tldgB3jqpN7XuRC1e8szPJX_jwhncw-poOtP2zHQiEHljrH2Oay7jyWzFiX5DyX0bRYuTbhSvx72miRvqoEjIVGm1aXsgFY3k8AZywLtSIe4lRRP5yIu2Y-flJ8.glb,-306.9531,12.37901,201.6875,0.3250886,0.2958969,0.6046001,-0.6642449,1,1,1
https://tile.googleapis.com:443/v1/3dtiles/datasets/CgIYAQ/files/AJVsH2yCHf7JwPUU2qOGg_RP2pMjGxnwvSsyDXa0LQkJBQPzL-_1dhnOvJjZ4eoM-G8N-5lKZMdrYkA4iG7sIuJrOWUVo-SjF_Yn1E4WlliMymRJXxN1js7R1hP4CIXn0as01MiipXWEXxreqHiN_rA.glb,-541.9063,-24.29367,392.3125,0.3250898,0.2959157,0.6046155,-0.6642219,1,1,1
https://tile.googleapis.com:443/v1/3dtiles/datasets/CgIYAQ/files/AJVsH2xa-P5y3SfKezNInRBMUV9MTP1319vrLkXCCNlLRUs0LnLBm6NdBjm4o2Qnqf1iAlsubbAj0lREUjJUSpiTrtGHeVBqF8I5xQBeDFXpFSsEskjq5OCIokp3KJvq8OWUGs6dFZYdhGsDq6XGcN-67Q_x.glb,-306.9531,12.1259,277.7813,0.3250926,0.2959005,0.6045983,-0.6642429,1,1,1
https://tile.googleapis.com:443/v1/3dtiles/datasets/CgIYAQ/files/AJVsH2xUovQ4fNBtLtF73Bxb64-k62Cp_Ng-4J-1DUQ2nuroPaaqvsqwHMRG7rAkgeCrx3W4ZWUtNPBqVQD5kBUVsON1Ve86KELgSB-3oh9gu0lUcqTtrFQdEyAQFo0aCJUpCf1pPJYFl_e-FaMEweUzpcmt.glb,-306.9531,12.26855,354.1875,0.3250966,0.2959041,0.6045965,-0.664241,1,1,1
https://tile.googleapis.com:443/v1/3dtiles/datasets/CgIYAQ/files/AJVsH2w8qxfKCp5mTXobarijSF8EnHhvBj82l2yRkt5Tpcfv1b2YP_Xe4EBS-2MsguuNAHmFLw2V0wp2fxAbYcZCXTaEcJ630S4iB2Ikw8Z8lRK6bOcwzsSQET0c4DyV-aFR-VKhN6a2--2JTctfN2eQ1wh8.glb,-306.9688,12.25098,48.625,0.3250807,0.2958896,0.6046036,-0.6642488,1,1,1
https://tile.googleapis.com:443/v1/3dtiles/datasets/CgIYAQ/files/AJVsH2yoDlq9ZzJQsLTOnumSimEAUmXHQyOohB6DpwgXkfDctWoVBI1sfHD9feE3P-r_dpDGZcHu8OTBhPG8ZaeswHQdEp7nb5u8oXd-ry6XDrl9qhwy1hJxAHAqCkOtn8c8tVKxUD3UPXdFP22bTjyKKZDz.glb,-306.9531,12.23818,125.25,0.3250847,0.2958933,0.6046019,-0.6642469,1,1,1
https://tile.googleapis.com:443/v1/3dtiles/datasets/CgIYAQ/files/AJVsH2yJrsMUxDekwTSHhdOESxW5VTUwDHbbRns_5ih9TvGGft2iefa7IXgX3JxX_bk2xZqodsZFxjtheRaaC31-tlBpGFlqKtioAeziUtq43iDfTKaBftlZt_fIJCcGmsh_VN8zkl-GOPSqiltmYVw.glb,21.96875,-24.21675,545.4063,0.325119,0.2958995,0.6045642,-0.6642615,1,1,1
https://tile.googleapis.com:443/v1/3dtiles/datasets/CgIYAQ/files/AJVsH2yFILh1Uo8pNzAzR-3N1dwXvPXN1M3aXssuKKt6KN_GlPV2HPKbqMcFOwUtV6WspHhLT0zHMJjCgp2Vrwt4q3eYoKT2gMPPgDFavKycrIOMvgb1zP7JoH5thqyBfJgLdtVTa8hnvcc9_RIWzstBX3qZ.glb,-25.03125,12.36624,125.0938,0.3250953,0.2958816,0.604578,-0.6642686,1,1,1
https://tile.googleapis.com:443/v1/3dtiles/datasets/CgIYAQ/files/AJVsH2wbWnPKHhJOd2sr6WYpT-WD696udoaQqqVLspfJTv2eok4dj4edX0y2k0QnVpPnFlqJgCyr8c8Dz2HmYr6eAmmy270b-_jr2uCD0jhn9z-L7H9MJdM8rEWH3cbsUb9prm0_IFdQFiHk2cgSto4CKjMY.glb,-119,12.32277,125.125,0.3250918,0.2958855,0.6045859,-0.6642613,1,1,1
https://tile.googleapis.com:443/v1/3dtiles/datasets/CgIYAQ/files/AJVsH2xkNwtkquP_3J7PAUs1svRyCvyueBqEFCCTNc6EdHJjrcEUtL5E0dtk-SC3ct2JHwMueJkTFKEVekSCFtfIPIqMZSEZv_oFj8F0AmlODfEl1HBvcB2uOuiApfD35L8WNULPsPKk7OrXk3kAJ3iu3g1L.glb,-119,12.4636,201.5625,0.3250957,0.2958891,0.6045841,-0.6642594,1,1,1
https://tile.googleapis.com:443/v1/3dtiles/datasets/CgIYAQ/files/AJVsH2wcp2GAXTcpZzDjI70lMhRkGoOh-TkXpqyf98anup4GpQ1tvQQkCrftTtoU8cnBsYvhUUr84RDTW6zCuiML0cvqFiaIuH_5xb2zPfH7jo3N7BtygbTQRQq0iop6XuxbTNjMd8zarHE8tYmvaZuoi9_P.glb,68.98438,12.26019,125.2188,0.3250988,0.2958777,0.60457,-0.6642758,1,1,1
https://tile.googleapis.com:443/v1/3dtiles/datasets/CgIYAQ/files/AJVsH2zBvmSzfFhfeEG2iPaG5EEbsOizBgoXyGTcYdVTcuAHhTs2jxqoNsN-YbQaF25bx3ValLgNkf-ZkUJrxRZ_WGGZIqHi3JyHnk7CoBdFejZMUTlvbCtrXu8-W8ChbIT9S3AhVgKl1i5qwC8Q4mtxAdRB.glb,68.95313,12.39921,201.625,0.3251028,0.2958813,0.6045682,-0.6642739,1,1,1
https://tile.googleapis.com:443/v1/3dtiles/datasets/CgIYAQ/files/AJVsH2wuFZeEM6gP6oAcFyVujpoo02VbsXqV6RzYaJoeIEqhk9S66gYCA95UdsoaZmCmgguDDzbZ52M_vzeZlAgXWM6Dy5oWnrC0t1JCofhSGa4dSGsGUV5oWJYHETHs3PNZpzC-3m7tE8A2XbbwhetMQU33.glb,-25,12.22813,48.65625,0.3250913,0.295878,0.6045797,-0.6642705,1,1,1
https://tile.googleapis.com:443/v1/3dtiles/datasets/CgIYAQ/files/AJVsH2wNJWNjR7jruHH61MPBkxSqZbrAPTrDZk8hnxUL8kEHxBEHPnQiUE-5sVQ-BPycHP-20RfukSc3t-JP1InpA65Sy8N8Jl39DswIFzJFDNgXm5pGnf_jTM7Uz7-rLuDz3eGF9ei9uCWisozwIBlwXCHg.glb,-25.01563,12.35436,201.6875,0.3250993,0.2958852,0.6045762,-0.6642666,1,1,1
https://tile.googleapis.com:443/v1/3dtiles/datasets/CgIYAQ/files/AJVsH2zXJPcGWkF_5Z9NlLp5r14J34_eZnECMJsDshYbJBKI3qfANynDJkm0eRMHoZL_lqZM8rRS9o-I2oPRH-_cJm12mouxZbWg2dilkrIidlDNIV5Ta6UgRltLXPH1jfSIYgZoDvHIq6go3eo5I2qds31u.glb,68.95313,12.27298,48.59375,0.3250948,0.2958741,0.6045718,-0.6642777,1,1,1
https://tile.googleapis.com:443/v1/3dtiles/datasets/CgIYAQ/files/AJVsH2w1-Sj24TTro5FWCf49eB8fc6WZT-fOUAVDS2IGKoIoqIZYcleqaeEluidVWfawVupl2NQH-1eMuqdgursbkHOx7JEe_x6ob3XabEHtE8B7HgoxMiCopkNcWHw9VqSo1QT9jZSQQ4BkvlF5gTU9z6-o.glb,-25.01563,12.10126,277.8125,0.3251033,0.2958888,0.6045744,-0.6642646,1,1,1
https://tile.googleapis.com:443/v1/3dtiles/datasets/CgIYAQ/files/AJVsH2xUYZQh18mp-ny7VqFt5jrxDF13_QXYLfafOGG9kz8gGPR_JM_cZ6-0EQJbEdcJGKvQcu2gG0rBPtHmvek51zBhVWtqk6I-u0PpGXe1JAZkgZmmj6iBNTMlSrAHenJ_yAznvnESd9rcMRGz5jt76F7w.glb,-119,12.18286,48.71875,0.3250878,0.2958818,0.6045876,-0.6642632,1,1,1
https://tile.googleapis.com:443/v1/3dtiles/datasets/CgIYAQ/files/AJVsH2xmYXe2DSTJh11ISCLG4nvceJ8J6Pq_ALkZNX0yr2SDiPPUNWIvszx42eYiLeLztQD0gCUOPax-0yzSlKFUKfEZcZWp-KRjz9ZHlOhKqbyryhEzR_RV3rUfLzEzPf3Qk7GNsl-qE6hUmsLhUjw82G-M.glb,68.95313,12.14611,277.75,0.3251068,0.2958849,0.6045664,-0.6642719,1,1,1
https://tile.googleapis.com:443/v1/3dtiles/datasets/CgIYAQ/files/AJVsH2zpOkKsQ1eeV1FQiUyhK62gtalKWyQsbNmjlsk3bXMq8BXPGgBysTO9IgrsNyyBR24Zg2XJjwL-V5z0IJY6-Pj-ATc4oTAImjoSTTLUKlhVavTRer2LLa91Xc8bof40mJ1GJe_suZP5CSJ-hlb4Jg8n.glb,162.9375,12.44725,201.5625,0.3251064,0.2958774,0.6045603,-0.6642811,1,1,1
https://tile.googleapis.com:443/v1/3dtiles/datasets/CgIYAQ/files/AJVsH2xRWiPiHMkIvnpTPM_ftyKcuyIOuw9I6ZXIXL_RzWOf7dm8VBMLCzdY6jClFQwcVDLVjH7GXaDeucgSH4941imxkFPkHDrvoiYkWNM_TriEV6kiEZvEhIcU5tcsRAUkwmNYM9oeK4XJhsC9VavbUI4r.glb,162.9375,12.30642,125.1563,0.3251024,0.2958738,0.604562,-0.664283,1,1,1
https://tile.googleapis.com:443/v1/3dtiles/datasets/CgIYAQ/files/AJVsH2w_yl07MxUhfd2YKOEr7fY1-rVcC9vqYg8_p0c1VDXCNY1BwJBu9VTvcLmIEGv7fkO9IN0myHmz309roi7ceNwY9egXhV4TeJgGPNSd4K2iTn8cfsru4l1Bp8_W0hnHp53ysLJ1nueyE9a1814to1ix.glb,-119,12.05599,277.875,0.3250997,0.2958927,0.6045823,-0.6642574,1,1,1
https://tile.googleapis.com:443/v1/3dtiles/datasets/CgIYAQ/files/AJVsH2xdWQzImSdjl7IoKUf6whr098J-Amos5mk092kEkgtIet_4I_gchk9jF_6cJJro4iLf-x6yWJoSrpkwCAqA06ExiVIXDo9BXfBiErSsHDTKVgJ4Jdx69iUvIr4W_IQ-_V7wqPHeQqNpE27WfiN-h2ng.glb,-212.9844,12.27889,125.1875,0.3250882,0.2958894,0.6045939,-0.6642541,1,1,1
https://tile.googleapis.com:443/v1/3dtiles/datasets/CgIYAQ/files/AJVsH2wnoc8mKXx2Af9_oV7tmAGOxVEvtdTmdqbVvbz-KZlWhTrGBj1EbQJd-0F8jvfKghUcnkcztOBm0yRvKpeTUveskVzv82HZBwU-8Qu6bB2nvoqjDMhnBJ7b3MdxfmMRylQazrIO-kGdNWSrFEpDVhE0.glb,162.9375,12.03964,277.875,0.3251103,0.295881,0.6045585,-0.6642792,1,1,1
https://tile.googleapis.com:443/v1/3dtiles/datasets/CgIYAQ/files/AJVsH2zeyeNb1YwzeMmlPVZHFJKlXfrq5BhxHcdEBpBgwS0jfYL9JGjCsOpCr3Emei-GPKI03063wHprQpkQqSemdzZGbdqHLd2c-NU21m5Ohp-ofbLFJYItKmkcYcsWqJtHe27HPyUZijyjPx-nSR0WH4DC.glb,-212.9844,12.41971,201.625,0.3250922,0.295893,0.6045921,-0.6642521,1,1,1
https://tile.googleapis.com:443/v1/3dtiles/datasets/CgIYAQ/files/AJVsH2wadGBk2H7esczmYK9AX6SPKpbwcmx90j1S0zfJCH9_SX56AgZwvOA1sbB15dcMt9qtA64ru5bIBMx_c8hJNW3zBJd0GyKP7HkOh0jr7QO_6ib5LPTr0FXpENrurfvBRS183fD-TfN2DVAWWxeWzRCk.glb,-1.515625,66.69515,182.2813,0.3250992,0.2958833,0.6045746,-0.6642689,1,1,1
https://tile.googleapis.com:443/v1/3dtiles/datasets/CgIYAQ/files/AJVsH2x_RNKOz4I_CzuwoZMvokOwjBUFgxCfwwQJTA5nuAYQ6Bvkufgt1fAXO77EYvP74nmB47giN1mdDK2OPlWBti7mIUt_NEQ8jbEDLdg-ov_eBtT-XRP-r6XSnrNrSHauV_clK3vBA9sQj7IpPyDtZxpz.glb,-1.515625,103.307,182.4375,0.3250992,0.2958833,0.6045746,-0.6642689,1,1,1
https://tile.googleapis.com:443/v1/3dtiles/datasets/CgIYAQ/files/AJVsH2xMR7a9MK0VR1XwYDyVj_xBqdVFRbPLEhcho8aPMdpYiZeS2jN1DKXAvfn3HRbQ-bz5TEpjYzeK5c8grEuFSXOdqjyPNkMflKgen5Zmo0f5riIM7s0v8W2Kvr12kjPthByvlTc_BRniQ6YaLU8S87e1.glb,162.9375,12.16651,48.75,0.3250984,0.2958702,0.6045638,-0.664285,1,1,1
https://tile.googleapis.com:443/v1/3dtiles/datasets/CgIYAQ/files/AJVsH2y2aR5CI0q2-9AaX3JyWy3MJ9UYja_ozys5NubD2Ggeb6L5ErIeLgbZzkrolDQj2XNVs3XsJ3EdBeMNVg4YteSImx9Zb-rHeATT9JnPK9eFBnyFBRObTLshT0TcXqBrwQJuM34iptbC6UBCc0vXlt-l.glb,-212.9844,12.1666,277.7188,0.3250962,0.2958966,0.6045903,-0.6642501,1,1,1
https://tile.googleapis.com:443/v1/3dtiles/datasets/CgIYAQ/files/AJVsH2y1OMOD-RrXbP4UcH0TVYskSqMupJVe33leQiG0KHnx4vF35b-oiozYI0GMKFAQ_JisMo3diPN0W4rXG2ApPgQwwydM8if7IemCI6r-BI_PJSqj4AmpCu4lxDWKLBxwsw6ThzIJ7KZLxwAiJTfWcsAS.glb,256.9219,12.34216,201.7188,0.3251099,0.2958735,0.6045523,-0.6642884,1,1,1
https://tile.googleapis.com:443/v1/3dtiles/datasets/CgIYAQ/files/AJVsH2xb2rMcmAbGbh_ZnMowVEAiP2NdL3hDc-NhwhbXrqjmNEKxVOaS4t6nNNeU1X_vDR1UsTnpSy9Be4MyMcmElYNbC-4u9rJeptfN62uP91njrfnGecvyDaB359_9Klf31qjTLa9Ck3xrbDphu2E.glb,-165.9844,-24.151,545.3125,0.3251118,0.2959073,0.6045801,-0.6642469,1,1,1
https://tile.googleapis.com:443/v1/3dtiles/datasets/CgIYAQ/files/AJVsH2yxXkcPw1-bCYT0kZGoKHq5Bfc9CpDVWrRTgEay4QV-Ph_89zlrtIJJcjviEiWddu3aWIrT7mIpjYX_NwKexewSf8sykfshW4aNheu8gBldSeC-6tti8-sBV3vNLYElFae34GdDY4FTrWCeMvhSx4ju.glb,256.9375,12.35584,125.0938,0.3251059,0.2958699,0.6045541,-0.6642903,1,1,1
https://tile.googleapis.com:443/v1/3dtiles/datasets/CgIYAQ/files/AJVsH2xlrertrLkL7Vohh0BJzdzlfDoou_0ZBW5OXVAptuLU92ZI9vpq-1MU8_o3Qz6NJPsKVvECxHTOvZ0Lq72q6i2HRe-7VXFdRYIacT4g8QDhaTAy2iRp4CYABbh3qLjg89XNK-lO_SyEfaLUZ3ceJsQH.glb,68.98438,12.13607,354.375,0.3251108,0.2958886,0.6045647,-0.66427,1,1,1
https://tile.googleapis.com:443/v1/3dtiles/datasets/CgIYAQ/files/AJVsH2wznLgdMJTzJAJ5Hs6ewoyvKeC4SCrez8bwle4m4jp2gchyNgdnlHaJrQxy2TIVs4ljZ1zIX0T5T0fg2AU1wvurGbfeXWf4eAqeBeIY-fyxtSd57_y9QDwQKPyYz4iAFDjh_7i3VbCmMugqkLg9AKAX.glb,-25.01563,12.24391,354.2188,0.3251072,0.2958924,0.6045727,-0.6642627,1,1,1
https://tile.googleapis.com:443/v1/3dtiles/datasets/CgIYAQ/files/AJVsH2zaDS4UAwIFqGSaThxI2dX5OrL73l_wMSZE_1EbMz6TaeMCGiKtKuizB9AZ_NG_4LlPAkBuVrm-WRUmBaXlE1VywYW6b9jODEPWV_w0_5KVDRuhbcJmU9RMD1NdkJ9HZ3BWMUm3mgDbcmUslhs.glb,209.9219,-24.12249,545.2813,0.3251261,0.2958918,0.6045483,-0.6642759,1,1,1
https://tile.googleapis.com:443/v1/3dtiles/datasets/CgIYAQ/files/AJVsH2x3CdIss5zUx8p-cSTaoYQUU_qZChWF_nfnybG7N27vNx8p2-LcMLfqqlSv-SWinzFG_A7iVBaMOW97l1ErJ4KQjcpKEMlChFC6HtjJGcHePCBw_PMEUUZKgw00pQ67Dj1RAROh4EwGZ3o_7JFGhvhj.glb,-212.9531,12.14078,48.78125,0.3250842,0.2958857,0.6045956,-0.664256,1,1,1
https://tile.googleapis.com:443/v1/3dtiles/datasets/CgIYAQ/files/AJVsH2zyxDXN5I2zCyBytUEW8ZhufGkwMD8tc-0f2cHbxDZpDRl-qlCI2bjViKmW8Uc3QmENyJkmtxEbbJG1_VpiXZcwabrPwJTz0pRpXPRW_ef6rRsX0q-7py8HD5-ujySV3iZWZeIUrjidYRje92hCQHdh.glb,-1.53125,66.76489,220.5,0.3251011,0.2958851,0.6045737,-0.6642679,1,1,1
https://tile.googleapis.com:443/v1/3dtiles/datasets/CgIYAQ/files/AJVsH2yB2JzvccmnV6lHlVcCOp0aKn74RFEo5593D8EuJtnETsplMwvlIqLPVOeeM1XRJ3jS90y_BlfT5TspYty3bHRV8LfAbc61c9ccyWwX3LvR1BtHF7zGNjP1M5q07YXAebV7IeSJB_ZvsOjzw-KdUR-b.glb,-1.53125,103.3767,220.625,0.3251011,0.2958851,0.6045737,-0.6642679,1,1,1
https://tile.googleapis.com:443/v1/3dtiles/datasets/CgIYAQ/files/AJVsH2y-ia900DD92HXKW-e2FuCg_fRcY2zrekNCRE6Gz21G3G_KEyo2ToSWTpZKqE-wcsG898zHOylvpQ-WrgFQiQ1GG0WZ2EmBy3iWi-z36rDg_pI3lReY-6HGYfl2Q6FLaaWKSKUe9V8XlMzJ6WRpEGwW.glb,-119,12.19865,354.2813,0.3251037,0.2958963,0.6045806,-0.6642554,1,1,1
https://tile.googleapis.com:443/v1/3dtiles/datasets/CgIYAQ/files/AJVsH2zv1SoE4Stk7D3VleIwyrylUohAc29dihEbRlgQjTPqcuxppR20doABTkrmHR-03iLSWWKCjNVIzJA3fxu-JVR2SMYSI9xolq_8MfUsE5hjW4g63T0n3yu6uThDyXiHdTOdPiMnHx2btnq8D43pC2BX.glb,162.9375,12.1823,354.3125,0.3251143,0.2958847,0.6045567,-0.6642773,1,1,1
https://tile.googleapis.com:443/v1/3dtiles/datasets/CgIYAQ/files/AJVsH2wTbfN7tKF9Q_24H4lFhu9S3w7fu0w429ENRnq8Pdj0P2s1HnwGgH8upDHkgBoEZh3WjNZ8kGfQvgiwH7nrMkcxfqWunXIqkGneR-ucvrUU3MACtez-Ho2mkwt8qd6jHEId4QiffF9F4iMel7pOkBHq.glb,256.9219,12.08906,277.8438,0.3251139,0.2958771,0.6045505,-0.6642864,1,1,1
https://tile.googleapis.com:443/v1/3dtiles/datasets/CgIYAQ/files/AJVsH2zLYrQDvjqAlvbxL45nno79tzqsZiIq1F7sxq7k2SRN0ExpHG3638Ws3a6Ll0ZsMGi3AJkdDn6B3XbpHG-Fn3MJYt7UxUSQcTA5eHv9ipxZFed22SEMxjVNuJlNkTemfJg-ImJfTRoS4vlW7m-b484r.glb,-25,12.08914,-27.75,0.3250873,0.2958743,0.6045815,-0.6642724,1,1,1
https://tile.googleapis.com:443/v1/3dtiles/datasets/CgIYAQ/files/AJVsH2xX7OsrmIIW70W9Fy9b2nD1Gkqo4pI7JdJHhA4fIeZEwOHJslmvuBXN07Ha8RWQVm_sjyW47sg4CYInl-PCvwrHeJ6_76wn7NMFCeTHPIBs0T6klnDE7HIxRvySXYm0tzT35-29XTJroVfLVLE1uDOf.glb,68.95313,12.13399,-27.8125,0.3250909,0.2958705,0.6045735,-0.6642797,1,1,1
https://tile.googleapis.com:443/v1/3dtiles/datasets/CgIYAQ/files/AJVsH2zwHjLM0QbM06OIITDKqQG2HRXaREbQPFwj7su61zbcIe9oe-hULTQZMiV3BmQhzQm8rZxXmOtCS1MMpGkGe1lNiDL5kmDoQDHHhtODkBb_hh7rwb7VdZBhyNxDsWawyooadUoXoVkB83CzNL2XUvdJ.glb,162.9531,85.0129,354.2813,0.3251143,0.2958847,0.6045567,-0.6642773,1,1,1
https://tile.googleapis.com:443/v1/3dtiles/datasets/CgIYAQ/files/AJVsH2yl1K5gn_8AdnskrN_2zwYMlSixA29T7wozxhkaVF7g1bj8dCWuQeF9rWFmcIjZ0RMYH7cwSk2MbmuyAB_uYG4_mhVo8q1LLSyWAAva_8_UdrbO_Xiy9269l213iJO1h8PWQYjRi-3jwFjj_zM0I4hE.glb,-212.9688,12.15656,354.3438,0.3251001,0.2959003,0.6045886,-0.6642482,1,1,1
https://tile.googleapis.com:443/v1/3dtiles/datasets/CgIYAQ/files/AJVsH2zDKalKbvTEDgKF34xbPZgCXPlaxKyVRPfmTL0T2wY74YKJvonpohYf9FC2e13xV4U6QZoPxGlt6mruAOYaF5r9V8i_Dh5iV_HnxVw9KNssLSayxV_zzZfPRGdwI1abpMaXPnnuDMZC2gYJyQdSoTPz.glb,-119,12.04387,-27.6875,0.3250838,0.2958782,0.6045894,-0.6642652,1,1,1
https://tile.googleapis.com:443/v1/3dtiles/datasets/CgIYAQ/files/AJVsH2wEyWI0PQJu-lRbHNdUFXP0gEQVmDlQ10_7ckWrTjIlgD2vMNW6m_yC2QjrI7WuwSAkps7r4l8b5UtCbIs15lEoQ9G_g5Xw_P39PaVnTtqebq-sKfNDUgMxAwAHBh-3DlbJOpQrvGvNkuyRbSs.glb,-353.9063,-24.2324,545.4375,0.3251048,0.2959152,0.604596,-0.6642325,1,1,1
https://tile.googleapis.com:443/v1/3dtiles/datasets/CgIYAQ/files/AJVsH2wi_nwltUHeKaFKzSa9VntuyXIFqni_CvgWV69aU5NtZZyaiGQM-a8b928dh8FR-7Y5RVQm42ahHz6A5TsOi4yM3hO82bnL2TEVI9kPQ503GiSquLot9aA_u1HyydDS8xF2jY5i1kPOPD1mNSMkifCV.glb,68.95313,12.27784,430.7813,0.3251148,0.2958921,0.6045629,-0.664268,1,1,1
https://tile.googleapis.com:443/v1/3dtiles/datasets/CgIYAQ/files/AJVsH2w_vs0gJwKoKZ8_LIatNHTwiRDUpmUMGQB7or1Vpz5S3S6s7yIVCHdxw3ufE4IMjb-L-Vhh6L6UB_piRzfTRdRkZTz6-obzTPPWOXivC8irGab2vV51cFJEzGZkSaPkk32th8Qm38Uq9Oqmf-s753YR.glb,-25.01563,12.23299,430.8438,0.3251112,0.2958961,0.6045709,-0.6642607,1,1,1
https://tile.googleapis.com:443/v1/3dtiles/datasets/CgIYAQ/files/AJVsH2zhHxyIS_XOSbiJJiD2O3fKmv876qxX86WLFvYXphw84KRL7AZj8pp979qVw-Hg6zYyHgrQSxhgeVUbc8L-5zUVKcTPTcKIof6m9q3X8STTpMIFAjZgUsHI8_XODDggZ5D92uv6wjU5a7d_TXsW2THz.glb,256.9375,12.21593,48.6875,0.325102,0.2958663,0.6045558,-0.6642922,1,1,1
https://tile.googleapis.com:443/v1/3dtiles/datasets/CgIYAQ/files/AJVsH2zxLLklxwCS_RDZ-gQHWkUdpXTw8aRbfbUCEhk-PzS1x_NhgP5Re4dxBrTd_k3dX6pM6JlI5BMwqTpwodNCUy7vY22Uztbg6HJU5LKM9EsqrPqgsGM6DILd2mv85R65SdrQ-oIG9VEEI_pbXCOX-3lf.glb,256.9063,12.22991,354.25,0.3251179,0.2958808,0.6045488,-0.6642845,1,1,1
https://tile.googleapis.com:443/v1/3dtiles/datasets/CgIYAQ/files/AJVsH2y3U_IekTCY2d88WRHPh7mKqYZcAWHLlMlZr4Z7FyY-_gZ1EsJoOjwxp-h4Zxl2b8QQadwdtMwqf3RRBaPRJsq2ae9UpT_L1uPpOPyEahhiBC6HfL5MZFqztSol_lNucxb-QVupagHIpP2FBADEBm7N.glb,-119,12.34222,430.6875,0.3251077,0.2959,0.6045789,-0.6642535,1,1,1
https://tile.googleapis.com:443/v1/3dtiles/datasets/CgIYAQ/files/AJVsH2w1bFyNrKgIJLzV7p43zKAlzPOMKD4wEj4a7W7cfDQTfxtzc8snGtgpQjCRLG42uANNzeADzIEOCCbFG39mB16IGIc01-nlimQf1oLAoNK3nc6uYE-ezfOaQMBpy4CTJ5WwLNooS796DH3-two.glb,397.875,-24.1772,545.375,0.3251332,0.295884,0.6045324,-0.6642905,1,1,1
https://tile.googleapis.com:443/v1/3dtiles/datasets/CgIYAQ/files/AJVsH2x40aOhY1FUCxADbqxwycSTlBRI9a0EGJ2hL2NIKDD2wFMfM5GDdBk8I3c6mR3NRinnOXqMs6jTsub6RPGYCB8wjVLMZc4urs2TWYko02EgMifly_DfDsIRBLspXfYLiSxol8ttcjIPDvm21OqY8Tg-.glb,162.9375,12.32587,430.7188,0.3251183,0.2958882,0.6045549,-0.6642753,1,1,1
https://tile.googleapis.com:443/v1/3dtiles/datasets/CgIYAQ/files/AJVsH2wDojvRFSetR-wdyIoxVhbMmJ8sABZCYSMXrAa0mrXs4E_gFqFfOQvL1MXbI04Hbd0g6k_j7WZHDDBxgAhG0JMZd_8QIazF_H5XgdHH5XVQfTL3yvNx3pu8DI_q4sLnX2pC22x7HT8LHJqeH8PZn893.glb,350.8906,12.39116,201.6563,0.3251135,0.2958696,0.6045443,-0.6642956,1,1,1
https://tile.googleapis.com:443/v1/3dtiles/datasets/CgIYAQ/files/AJVsH2zdleJDNBCoHJ8cGHupCPx_lsgtdAKNVWVCowY0o1RUnxKO2h6ObFJxsrTG5wyS35QG7NateiA0gYuw9DL8vP7HgHIYyUkjsq9qH7WTh-QCGJoJ9UBHsTfB5KgSdYaf0bynDznHHJVicwVNHLpQ_5hz.glb,162.9531,12.18203,-27.875,0.3250944,0.2958665,0.6045655,-0.664287,1,1,1
https://tile.googleapis.com:443/v1/3dtiles/datasets/CgIYAQ/files/AJVsH2wXe92K_1Z9XGaJhtQ7OLnOGT6Nv85MCCZk-T96YQUqqwJFZIeJHVyXIJ6ICUdwG6MOjqccBckLZkxl-uoRrBykwX4h1OlIBMKCR-GNtbcurWBfed3oZZ6sg6pnWUTAYqN83SMtiHqHPTyh21UXjjiH.glb,350.8906,12.13805,277.7813,0.3251175,0.2958733,0.6045426,-0.6642936,1,1,1
https://tile.googleapis.com:443/v1/3dtiles/datasets/CgIYAQ/files/AJVsH2yCjcj1w9H_nJwKZZnqH3qrGvS5dYJjqkhSrEHCkQWZIERBHx9U8PrS50qoda-iOIDUcERm5RTIg9m4z0HduY6LU7XXMn8jmXM34-vhgJE4tgi4o5-08SxnZwLeXedcngHkwZHMY8YeHhGY88LaNyH-.glb,350.9219,12.25213,125.25,0.3251095,0.295866,0.6045461,-0.6642976,1,1,1
https://tile.googleapis.com:443/v1/3dtiles/datasets/CgIYAQ/files/AJVsH2wP_Eyce0qESTuU9K1rB19APPOSXpFiJsZJhsbuywh7B02dtcaRGgCnSRosVF5x81HP88kXFHbGErzGMnq-48iQ3yTMV4FfO3t7sE4_nrIhWuRQ1monQd5pJp74_KlgpU9wWVRDyEWeU7Il_cyWsf1S.glb,-212.9531,12.30013,430.75,0.3251041,0.2959039,0.6045868,-0.6642463,1,1,1
https://tile.googleapis.com:443/v1/3dtiles/datasets/CgIYAQ/files/AJVsH2w4Vkx-2k-ToNuf64iZE6_YaijzUAHMlNcQTY_HA1jr9ochU0_6Df6_V2y_jKFAGV6xMakUh7VtQ5PsPyGQC9w32pyNgLzrrRP4HL89NI1yj19vE_mc_UZh8GqPKfHdF1jsLtbFNStjuCIPQcsqMRHv.glb,256.9063,12.37348,430.6563,0.3251218,0.2958844,0.604547,-0.6642826,1,1,1
https://tile.googleapis.com:443/v1/3dtiles/datasets/CgIYAQ/files/AJVsH2yFIhPCoA3KQFRVKKui49ApGKSGaZ0k15pVgF5J4EP4gdIWXfLVFw0ThzFnQWHaIyo6Hpnpi5FZyfzPWiGlZBZNSXgCHpUT4V2WGF4XI3_SF8Ukzn2q1MN3V90fepN7EoM6JeC4w4lpUqWC-lDeIeDf.glb,-212.9844,12.15449,-27.84375,0.3250802,0.2958821,0.6045974,-0.6642579,1,1,1
https://tile.googleapis.com:443/v1/3dtiles/datasets/CgIYAQ/files/AJVsH2wopiTs2RAfnGQr5FmxvJQvasKrd6RCsRd5-JWYIXNjtpfVThrioJHst2TNDKbYdOCf_L-97qEn_eUn-bEA2qSnfSUf-spa3umgyxn7VaIUb9W9n9MqLorroACsK2zoBMVs1mf3jnWCb5ZQnQ4.glb,585.8281,-24.36086,392.4063,0.3251323,0.295869,0.60452,-0.6643088,1,1,1
https://tile.googleapis.com:443/v1/3dtiles/datasets/CgIYAQ/files/AJVsH2zCKTXb5i0ejhXustsxHbHUdTRTIMRBgaTZGrrrkB9viOdGT-8Iob2jjlfitDhWhB_w6yFAXI00c4Cj3E2IcrXrY2ZOpnVDhVXqTHrvH2EWT9ZRk7aQn17eyd338FCHtv4QRyvRCkszKhSGCnSBaEX-.glb,-400.9375,12.08478,277.8438,0.3250891,0.2959044,0.6046062,-0.6642357,1,1,1
https://tile.googleapis.com:443/v1/3dtiles/datasets/CgIYAQ/files/AJVsH2wYEQBMsvV7dt_INfGLoj_J5m-rIARwO22rHtOCiPk25sNW1c2xWE0dGFHshjQiaZ86Bath6L7cN1ZY6whVXnwkeKtFye3SVGXLGsuTdfOy7jj7pqOOKUimcpnkWRurw3qrFpOMwrgtHJXennbI7F4p.glb,350.8906,12.28071,354.1875,0.3251214,0.2958768,0.6045408,-0.6642917,1,1,1
https://tile.googleapis.com:443/v1/3dtiles/datasets/CgIYAQ/files/AJVsH2yv87Evq8znp9bv-60fjfDLi8SPWtko4dz1cwUR_c5UXrRkFh3yP-JbJ1gih-ubhgjd8GHNuiqnXkKbMCDidT2EqfuoLnDUC2K48BBF9ZzEoX3atd-PPpdKrgVUNwiYoTtAHPQYIxbo3o7gU68.glb,-541.875,-24.15739,545.3438,0.3250977,0.2959229,0.6046119,-0.664218,1,1,1
https://tile.googleapis.com:443/v1/3dtiles/datasets/CgIYAQ/files/AJVsH2zmayGhLk0nhKp0grfehYg1HEx6tx28wID2U8Vk1cokXXm7GI8lKDGakBpwvj2uxoYpW4Eie3H-0OCLYOt5l_kGsUGYit-n5qWVVc05w9zN40AM3DzyQd5YF57rMSiqNho_3QHVrPURKXI9QYQCKbxU.glb,-400.9375,12.33788,201.7188,0.3250851,0.2959008,0.604608,-0.6642377,1,1,1
https://tile.googleapis.com:443/v1/3dtiles/datasets/CgIYAQ/files/AJVsH2xwmrguKdx0UvXXL4DUQwnhYxioerZV1yMSLIney4j_7j3TLo2pZHQln6kRqcZEQEb3pZiD4nCo7e_zXiCV_mtbIxhHIA3zpbu0HS8fKJPSLDPDulK07qAT65xzoFqMXVBHHFjnYbweny2wL9d6dR6J.glb,-306.9219,12.25943,430.8125,0.3251006,0.2959078,0.6045948,-0.664239,1,1,1
https://tile.googleapis.com:443/v1/3dtiles/datasets/CgIYAQ/files/AJVsH2xvBNd8wAF0Y-JSNAvEx8xoKNLQG5sjr_TtC_UlglAMLtR65g6CLG946088sAKN1uP8DH8ZeNmrBWN7U3tS27LPxFNm2PEvZPmTUiLSf5CmK6Zb2Ry5ZFjV4HyyND9sNliQyJ8Dq09U7oDt4u6yRLbe.glb,-400.9375,12.22743,354.25,0.3250931,0.295908,0.6046045,-0.6642337,1,1,1
https://tile.googleapis.com:443/v1/3dtiles/datasets/CgIYAQ/files/AJVsH2wGHvB0Wt6GYJMoWAdgi4FhTEflU5GTNdRCma-XRTLEXDgRqIfAgXp0EPF0k9hwma2Njou7SOK3cDy4pnWkJ1mCBFmOiomQNTIn4REQxgA76PG1OOw91Fmeyz6yLF9wVGh_VKSUxIKSimzvBsJLbmyU.glb,350.8906,12.26979,430.8125,0.3251254,0.2958805,0.604539,-0.6642898,1,1,1
https://tile.googleapis.com:443/v1/3dtiles/datasets/CgIYAQ/files/AJVsH2xgUNI2dknxW4QUHBLvN08PuUOJh9E6mIYJDZv8yGcZtvrEZJb6qheTz6oavOWFo5C2Sf_1CjqZlx3r7MVH_HhmhEfnWtLMHf4dK7RWU1OVkxaob1Pt4B6mx0UsMu4CxKJEpBsuXvP1h16m_eupkLgM.glb,350.8906,12.26493,48.625,0.3251055,0.2958624,0.6045479,-0.6642995,1,1,1
https://tile.googleapis.com:443/v1/3dtiles/datasets/CgIYAQ/files/AJVsH2yHNBlVUbxfdZb_rsR418uOT0CZsf58Vxt3rLiHpgBJZv2txsadL2pHnBIbWAnBskC50MgOJ71MJVawIJM5MyShDH8eNMUPuDY3XzAAYUceQbof9hCP879QO4PIpwFC14lMHP9rHJFfKp90_3XFREaY.glb,256.9375,12.07694,-27.75,0.3250979,0.2958626,0.6045576,-0.6642942,1,1,1
https://tile.googleapis.com:443/v1/3dtiles/datasets/CgIYAQ/files/AJVsH2x38jiaYF8CNxUz2QSDfYkE4gneOjkvVUIhCtEExMRSZ0jxjSxF4E5T42cnjlsZiI2dJZDH_LlUrtva3XGffhZ2IuB3ewK71WvprSsCn48jgNc7lBX-8qICN2HIqjDqcbcTTsG8NNACjiHi1ug.glb,585.8125,-24.22637,545.4375,0.3251402,0.2958761,0.6045164,-0.664305,1,1,1
https://tile.googleapis.com:443/v1/3dtiles/datasets/CgIYAQ/files/AJVsH2xEj_PEUx1hzwrY6O-GIi1trDR8ZoXiiIB-YO4XnMy8gZBWrgkTMbCrJpXN-V-kotWBUYud4Jk8SuH2LulTDVaI_pkbsXv5ZVltlTQ_hNdjeNjwVgmiao1g2H2_XM-ua5s9Jk3NOnyIJJAU8AxqnY5L.glb,444.875,12.03573,277.9063,0.325121,0.2958694,0.6045346,-0.6643009,1,1,1
https://tile.googleapis.com:443/v1/3dtiles/datasets/CgIYAQ/files/AJVsH2w16sb36mRLehFqn_hZpFqmCviyGDdaWyPxv0avHY7lf64qVcta6mAfLhefn3X0wARDgz0DBy01QHy2hdB_Okn_XJt_XW2Pk2vvz_RRbIOOHbPi_H-IbteIPihqECe8xxcx40ZS-JL3Qb8Rnojk4vr_.glb,444.875,12.17839,354.3438,0.325125,0.295873,0.6045328,-0.664299,1,1,1
https://tile.googleapis.com:443/v1/3dtiles/datasets/CgIYAQ/files/AJVsH2wvziBaC3QeK6dX_p-aZdEUaPqjrVNXlNrb_RVMo2JvnCHpSNgMNMXsKNvRV_YBDpoOUmhiPYS2QFpZlOCG7rhLSv2UjJ1v5G744Mg7wRiRuXvlyXG8rwTjeD1qGy1xzKGzAPUsnwQgOLGCdoKl1aWh.glb,-400.9375,12.371,430.6875,0.325097,0.2959116,0.6046026,-0.6642318,1,1,1
https://tile.googleapis.com:443/v1/3dtiles/datasets/CgIYAQ/files/AJVsH2z8aXrBOpD7v9w037tLOzN2eoeXjE520t1-yQjYBAJGMjiv-THW_bN2yHTqxnvSUTy3xJBHWxYXnz_0eisBOIudmFpBXa4klvzxfcOsOwEOnqssJ74CZF_CinNDyDMp4Ko6LaVN6BJa3ro32aVGnvV5.glb,-306.9844,12.11199,-27.78125,0.3250767,0.295886,0.6046054,-0.6642507,1,1,1
https://tile.googleapis.com:443/v1/3dtiles/datasets/CgIYAQ/files/AJVsH2w7j31YWGJtboN4E9Ywo9nR-xMCIZhMCZjzm74eUM1UlhOmkJkC2rVaFSlUpcqotR0JioR0m3PNt5eJHV66DZ4Zkx8u4k_Z88lq2rTM2ovwUjuaVLJtmk1ue_kuQlIAPTqj3u-OZec1ydVodvlKWwvA.glb,444.8438,12.32016,430.75,0.325129,0.2958766,0.604531,-0.664297,1,1,1
